{
  "train_runtime": 20496.766,
  "train_samples_per_second": 1.756,
  "train_steps_per_second": 0.11,
  "total_flos": 1.385072147902034e+18,
  "train_loss": 0.0892256436944008,
  "epoch": 3.0
}