{
  "train_runtime": 12310.2818,
  "train_samples_per_second": 1.95,
  "train_steps_per_second": 0.122,
  "total_flos": 8.091458732031898e+17,
  "train_loss": 0.16368413730462392,
  "epoch": 2.0
}